,URL
0,https://wbl.futurereadyiowa.gov/business-partners/7940
1,https://wbl.futurereadyiowa.gov/business-partners/7582
2,https://wbl.futurereadyiowa.gov/business-partners/6937
3,https://wbl.futurereadyiowa.gov/business-partners/7772
4,https://wbl.futurereadyiowa.gov/business-partners/7892
5,https://wbl.futurereadyiowa.gov/business-partners/7555
6,https://wbl.futurereadyiowa.gov/business-partners/7049
7,https://wbl.futurereadyiowa.gov/business-partners/7379
8,https://wbl.futurereadyiowa.gov/business-partners/6707
9,https://wbl.futurereadyiowa.gov/business-partners/7397
10,https://wbl.futurereadyiowa.gov/business-partners/7911
11,https://wbl.futurereadyiowa.gov/business-partners/7103
12,https://wbl.futurereadyiowa.gov/business-partners/7171
13,https://wbl.futurereadyiowa.gov/business-partners/6963
14,https://wbl.futurereadyiowa.gov/business-partners/7476
15,https://wbl.futurereadyiowa.gov/business-partners/6735
16,https://wbl.futurereadyiowa.gov/business-partners/7001
17,https://wbl.futurereadyiowa.gov/business-partners/7950
18,https://wbl.futurereadyiowa.gov/business-partners/6892
19,https://wbl.futurereadyiowa.gov/business-partners/7265
20,https://wbl.futurereadyiowa.gov/business-partners/7672
21,https://wbl.futurereadyiowa.gov/business-partners/7487
22,https://wbl.futurereadyiowa.gov/business-partners/7654
23,https://wbl.futurereadyiowa.gov/business-partners/7068
24,https://wbl.futurereadyiowa.gov/business-partners/7547
25,https://wbl.futurereadyiowa.gov/business-partners/7437
26,https://wbl.futurereadyiowa.gov/business-partners/6830
27,https://wbl.futurereadyiowa.gov/business-partners/6796
28,https://wbl.futurereadyiowa.gov/business-partners/7218
29,https://wbl.futurereadyiowa.gov/business-partners/8138
30,https://wbl.futurereadyiowa.gov/business-partners/7694
31,https://wbl.futurereadyiowa.gov/business-partners/7032
32,https://wbl.futurereadyiowa.gov/business-partners/6710
33,https://wbl.futurereadyiowa.gov/business-partners/31
34,https://wbl.futurereadyiowa.gov/business-partners/7305
35,https://wbl.futurereadyiowa.gov/business-partners/7914
36,https://wbl.futurereadyiowa.gov/business-partners/8092
37,https://wbl.futurereadyiowa.gov/business-partners/7046
38,https://wbl.futurereadyiowa.gov/business-partners/6907
39,https://wbl.futurereadyiowa.gov/business-partners/8190
40,https://wbl.futurereadyiowa.gov/business-partners/7080
41,https://wbl.futurereadyiowa.gov/business-partners/7845
42,https://wbl.futurereadyiowa.gov/business-partners/7280
43,https://wbl.futurereadyiowa.gov/business-partners/7604
44,https://wbl.futurereadyiowa.gov/business-partners/6939
45,https://wbl.futurereadyiowa.gov/business-partners/6644
46,https://wbl.futurereadyiowa.gov/business-partners/6925
47,https://wbl.futurereadyiowa.gov/business-partners/7441
48,https://wbl.futurereadyiowa.gov/business-partners/7967
49,https://wbl.futurereadyiowa.gov/business-partners/8189
50,https://wbl.futurereadyiowa.gov/business-partners/7572
51,https://wbl.futurereadyiowa.gov/business-partners/7128
52,https://wbl.futurereadyiowa.gov/business-partners/7564
53,https://wbl.futurereadyiowa.gov/business-partners/6682
54,https://wbl.futurereadyiowa.gov/business-partners/6620
55,https://wbl.futurereadyiowa.gov/business-partners/6989
56,https://wbl.futurereadyiowa.gov/business-partners/7119
57,https://wbl.futurereadyiowa.gov/business-partners/6693
58,https://wbl.futurereadyiowa.gov/business-partners/7511
59,https://wbl.futurereadyiowa.gov/business-partners/7804
60,https://wbl.futurereadyiowa.gov/business-partners/7710
61,https://wbl.futurereadyiowa.gov/business-partners/7409
62,https://wbl.futurereadyiowa.gov/business-partners/6788
63,https://wbl.futurereadyiowa.gov/business-partners/7009
64,https://wbl.futurereadyiowa.gov/business-partners/7932
65,https://wbl.futurereadyiowa.gov/business-partners/7363
66,https://wbl.futurereadyiowa.gov/business-partners/7223
67,https://wbl.futurereadyiowa.gov/business-partners/6648
68,https://wbl.futurereadyiowa.gov/business-partners/6978
69,https://wbl.futurereadyiowa.gov/business-partners/7721
70,https://wbl.futurereadyiowa.gov/business-partners/7917
71,https://wbl.futurereadyiowa.gov/business-partners/6625
72,https://wbl.futurereadyiowa.gov/business-partners/8038
73,https://wbl.futurereadyiowa.gov/business-partners/6940
74,https://wbl.futurereadyiowa.gov/business-partners/6737
75,https://wbl.futurereadyiowa.gov/business-partners/7222
76,https://wbl.futurereadyiowa.gov/business-partners/7210
77,https://wbl.futurereadyiowa.gov/business-partners/7327
78,https://wbl.futurereadyiowa.gov/business-partners/7217
79,https://wbl.futurereadyiowa.gov/business-partners/7173
80,https://wbl.futurereadyiowa.gov/business-partners/7199
81,https://wbl.futurereadyiowa.gov/business-partners/6890
82,https://wbl.futurereadyiowa.gov/business-partners/7916
83,https://wbl.futurereadyiowa.gov/business-partners/7102
84,https://wbl.futurereadyiowa.gov/business-partners/8054
85,https://wbl.futurereadyiowa.gov/business-partners/7534
86,https://wbl.futurereadyiowa.gov/business-partners/8146
87,https://wbl.futurereadyiowa.gov/business-partners/8046
88,https://wbl.futurereadyiowa.gov/business-partners/6942
89,https://wbl.futurereadyiowa.gov/business-partners/7789
90,https://wbl.futurereadyiowa.gov/business-partners/7252
91,https://wbl.futurereadyiowa.gov/business-partners/6865
92,https://wbl.futurereadyiowa.gov/business-partners/45
93,https://wbl.futurereadyiowa.gov/business-partners/7782
94,https://wbl.futurereadyiowa.gov/business-partners/7837
95,https://wbl.futurereadyiowa.gov/business-partners/7843
96,https://wbl.futurereadyiowa.gov/business-partners/6607
97,https://wbl.futurereadyiowa.gov/business-partners/7076
98,https://wbl.futurereadyiowa.gov/business-partners/7228
99,https://wbl.futurereadyiowa.gov/business-partners/7014
