,Name,URL
0,185th Air Refueling Wing - Air National Guard,https://wbl.futurereadyiowa.gov/business-partners/7940
1,1st Gatewateway Credit Union,https://wbl.futurereadyiowa.gov/business-partners/7582
2,218 FUEL EXPRESS,https://wbl.futurereadyiowa.gov/business-partners/6937
3,3E,https://wbl.futurereadyiowa.gov/business-partners/7772
4,3M,https://wbl.futurereadyiowa.gov/business-partners/7892
5,A 1 QUALITY TIRE,https://wbl.futurereadyiowa.gov/business-partners/7555
6,A&I Products,https://wbl.futurereadyiowa.gov/business-partners/7049
7,A+ Communications,https://wbl.futurereadyiowa.gov/business-partners/7379
8,"A.M. Cohron & Son, Inc.",https://wbl.futurereadyiowa.gov/business-partners/6707
9,"AAABE, Inc.",https://wbl.futurereadyiowa.gov/business-partners/7397
10,ABB,https://wbl.futurereadyiowa.gov/business-partners/7911
11,ABC of Iowa,https://wbl.futurereadyiowa.gov/business-partners/7103
12,ABCM Rehabilitation Centers of Independence,https://wbl.futurereadyiowa.gov/business-partners/7171
13,Abels Funeral & Cremation Service,https://wbl.futurereadyiowa.gov/business-partners/6963
14,Absolute Group,https://wbl.futurereadyiowa.gov/business-partners/7476
15,Abstract Associates of Webster County,https://wbl.futurereadyiowa.gov/business-partners/6735
16,AC&R Specialists,https://wbl.futurereadyiowa.gov/business-partners/7001
17,Accumold,https://wbl.futurereadyiowa.gov/business-partners/7950
18,Accura Healthcare,https://wbl.futurereadyiowa.gov/business-partners/6892
19,Accurate Automotive Inc.,https://wbl.futurereadyiowa.gov/business-partners/7265
20,"ACI Mechanical, Inc.",https://wbl.futurereadyiowa.gov/business-partners/7672
21,Ackerman Plumbing,https://wbl.futurereadyiowa.gov/business-partners/7487
22,"ACT, Inc.",https://wbl.futurereadyiowa.gov/business-partners/7654
23,"Acterra Group, Inc.",https://wbl.futurereadyiowa.gov/business-partners/7068
24,"Active Interest Media, Inc.",https://wbl.futurereadyiowa.gov/business-partners/7547
25,"ADA Enterprises, Inc.",https://wbl.futurereadyiowa.gov/business-partners/7437
26,Adair County Vet Clinic,https://wbl.futurereadyiowa.gov/business-partners/6830
27,Adams Architectural Millwork Co.,https://wbl.futurereadyiowa.gov/business-partners/6796
28,Adaptive Daycare Services Inc,https://wbl.futurereadyiowa.gov/business-partners/7218
29,Adela's,https://wbl.futurereadyiowa.gov/business-partners/8138
30,"Advance Machine Technologies, Inc.",https://wbl.futurereadyiowa.gov/business-partners/7694
31,Advance Physical Therapy,https://wbl.futurereadyiowa.gov/business-partners/7032
32,Advanced Pet Care Clinic,https://wbl.futurereadyiowa.gov/business-partners/6710
33,AEA Learning Online,https://wbl.futurereadyiowa.gov/business-partners/31
34,Ael Suhr Enterprises (KWAY Radio),https://wbl.futurereadyiowa.gov/business-partners/7305
35,Ag 4 All,https://wbl.futurereadyiowa.gov/business-partners/7914
36,"Ag Partners, LLC",https://wbl.futurereadyiowa.gov/business-partners/8092
37,Agents Inc,https://wbl.futurereadyiowa.gov/business-partners/7046
38,Agri-Industrial Plastics,https://wbl.futurereadyiowa.gov/business-partners/6907
39,Agri-Power FFA Alumni,https://wbl.futurereadyiowa.gov/business-partners/8190
40,AgriVision Equipment Group,https://wbl.futurereadyiowa.gov/business-partners/7080
41,AgWorks LLC,https://wbl.futurereadyiowa.gov/business-partners/7845
42,AHTS Architects,https://wbl.futurereadyiowa.gov/business-partners/7280
43,Air Services Inc,https://wbl.futurereadyiowa.gov/business-partners/7604
44,AKC LLC dba Culver's Frozen Custard,https://wbl.futurereadyiowa.gov/business-partners/6939
45,Akron Veterinary Clinic,https://wbl.futurereadyiowa.gov/business-partners/6644
46,Alan Swett DDS,https://wbl.futurereadyiowa.gov/business-partners/6925
47,"Albaugh PHC, Inc",https://wbl.futurereadyiowa.gov/business-partners/7441
48,Aldo Leopold Intermediate School,https://wbl.futurereadyiowa.gov/business-partners/7967
49,All Around Town Outdoor Services,https://wbl.futurereadyiowa.gov/business-partners/8189
50,"All Four, Inc",https://wbl.futurereadyiowa.gov/business-partners/7572
51,Allamakee-Clayton Electric Cooperative,https://wbl.futurereadyiowa.gov/business-partners/7128
52,Allen College,https://wbl.futurereadyiowa.gov/business-partners/7564
53,Alliant Energy,https://wbl.futurereadyiowa.gov/business-partners/6682
54,Alpha Copies Inc,https://wbl.futurereadyiowa.gov/business-partners/6620
55,Alpha Media,https://wbl.futurereadyiowa.gov/business-partners/6989
56,Aluma KLM,https://wbl.futurereadyiowa.gov/business-partners/7119
57,Ambassador,https://wbl.futurereadyiowa.gov/business-partners/6693
58,American Abstract & Title Co,https://wbl.futurereadyiowa.gov/business-partners/7511
59,American Alarms,https://wbl.futurereadyiowa.gov/business-partners/7804
60,American Color Imaging,https://wbl.futurereadyiowa.gov/business-partners/7710
61,American Hair Academy,https://wbl.futurereadyiowa.gov/business-partners/7409
62,"American T.D. Millwright, LLC",https://wbl.futurereadyiowa.gov/business-partners/6788
63,American Tool & Engineering,https://wbl.futurereadyiowa.gov/business-partners/7009
64,Ames Chamber of Commerce,https://wbl.futurereadyiowa.gov/business-partners/7932
65,Amirage,https://wbl.futurereadyiowa.gov/business-partners/7363
66,Amvets Post 49,https://wbl.futurereadyiowa.gov/business-partners/7223
67,Anamosa Veterinary Clinic,https://wbl.futurereadyiowa.gov/business-partners/6648
68,Angel Wings & Country Things,https://wbl.futurereadyiowa.gov/business-partners/6978
69,"Animal Medical Clinic, PC",https://wbl.futurereadyiowa.gov/business-partners/7721
70,Anita Supply Center,https://wbl.futurereadyiowa.gov/business-partners/7917
71,Ankeny Christian Child Care,https://wbl.futurereadyiowa.gov/business-partners/6625
72,Ankeny Community Schools,https://wbl.futurereadyiowa.gov/business-partners/8038
73,Anna Mae Moser CPA PC,https://wbl.futurereadyiowa.gov/business-partners/6940
74,Appleby & Horn Tile Co.,https://wbl.futurereadyiowa.gov/business-partners/6737
75,Appletree Inn,https://wbl.futurereadyiowa.gov/business-partners/7222
76,Aqua Palace LLC,https://wbl.futurereadyiowa.gov/business-partners/7210
77,Archdiocese of Dubuque,https://wbl.futurereadyiowa.gov/business-partners/7327
78,Archers,https://wbl.futurereadyiowa.gov/business-partners/7217
79,ARDENT LIGHTING GROUP LLC,https://wbl.futurereadyiowa.gov/business-partners/7173
80,"Ardon Creek Vineyard and Winery, LLC",https://wbl.futurereadyiowa.gov/business-partners/7199
81,Area Residential Care,https://wbl.futurereadyiowa.gov/business-partners/6890
82,ARISE,https://wbl.futurereadyiowa.gov/business-partners/7916
83,Arnold Motor Supply,https://wbl.futurereadyiowa.gov/business-partners/7102
84,Art's Way Scientific,https://wbl.futurereadyiowa.gov/business-partners/8054
85,Ascentra Credit Union,https://wbl.futurereadyiowa.gov/business-partners/7534
86,Aspiring Entrepreneurs of Rural Iowa,https://wbl.futurereadyiowa.gov/business-partners/8146
87,Associated Builders and Contractors,https://wbl.futurereadyiowa.gov/business-partners/8046
88,Associated Materials Inc.,https://wbl.futurereadyiowa.gov/business-partners/6942
89,ATEK Metal Technologies,https://wbl.futurereadyiowa.gov/business-partners/7789
90,Atherton Automotive,https://wbl.futurereadyiowa.gov/business-partners/7252
91,Atlantic Animal Health Center,https://wbl.futurereadyiowa.gov/business-partners/6865
92,Atlantic Chamber of Commerce,https://wbl.futurereadyiowa.gov/business-partners/45
93,Atlantic Coca-Cola Bottling Company,https://wbl.futurereadyiowa.gov/business-partners/7782
94,Atlantic Motor Supply - NAPA,https://wbl.futurereadyiowa.gov/business-partners/7837
95,ATLAS of Lyon County,https://wbl.futurereadyiowa.gov/business-partners/7843
96,Aunt Maudes,https://wbl.futurereadyiowa.gov/business-partners/6607
97,Avalon Body Shop,https://wbl.futurereadyiowa.gov/business-partners/7076
98,Avera Holy Family Hospital,https://wbl.futurereadyiowa.gov/business-partners/7228
99,AY McDonald,https://wbl.futurereadyiowa.gov/business-partners/7014
